ID,TIME,DV,AMT,EVID,CMT,WT,SEX,AGE
1,0,0,100,101,1,66.7,1,50
1,24,9.2,0,0,2,66.7,1,50
1,36,8.5,0,0,2,66.7,1,50
1,48,6.4,0,0,2,66.7,1,50
1,72,4.8,0,0,2,66.7,1,50
1,96,3.1,0,0,2,66.7,1,50
1,120,2.5,0,0,2,66.7,1,50
2,0,0,100,101,1,66.7,1,31
2,0.5,0.02,0,0,2,66.7,1,31
2,2,8.4,0,0,2,66.7,1,31
2,3,9.7,0,0,2,66.7,1,31
2,6,9.8,0,0,2,66.7,1,31
2,12,11,0,0,2,66.7,1,31
2,24,8.3,0,0,2,66.7,1,31
2,36,7.7,0,0,2,66.7,1,31
2,48,6.3,0,0,2,66.7,1,31
2,72,4.1,0,0,2,66.7,1,31
2,96,3,0,0,2,66.7,1,31
2,120,1.4,0,0,2,66.7,1,31
3,0,0,120,101,1,80,1,40
3,3,12,0,0,2,80,1,40
3,6,13.2,0,0,2,80,1,40
3,9,14.4,0,0,2,80,1,40
3,24,9.6,0,0,2,80,1,40
3,36,8.2,0,0,2,80,1,40
3,48,7.8,0,0,2,80,1,40
3,72,5.8,0,0,2,80,1,40
3,96,4.3,0,0,2,80,1,40
3,120,3,0,0,2,80,1,40
4,0,0,60,101,1,40,0,46
4,3,11.1,0,0,2,40,0,46
4,6,11.9,0,0,2,40,0,46
4,9,9.8,0,0,2,40,0,46
4,12,11,0,0,2,40,0,46
4,24,8.5,0,0,2,40,0,46
4,36,7.6,0,0,2,40,0,46
4,48,5.4,0,0,2,40,0,46
4,72,4.5,0,0,2,40,0,46
4,96,3.3,0,0,2,40,0,46
4,120,2.3,0,0,2,40,0,46
5,0,0,113,101,1,75.3,1,43
5,6,8.6,0,0,2,75.3,1,43
5,12,8.6,0,0,2,75.3,1,43
5,24,7,0,0,2,75.3,1,43
5,36,5.7,0,0,2,75.3,1,43
5,48,4.7,0,0,2,75.3,1,43
5,72,3.3,0,0,2,75.3,1,43
5,96,2.3,0,0,2,75.3,1,43
5,120,1.7,0,0,2,75.3,1,43
6,0,0,90,101,1,60,0,36
6,3,13.4,0,0,2,60,0,36
6,6,12.4,0,0,2,60,0,36
6,9,12.7,0,0,2,60,0,36
6,12,8.8,0,0,2,60,0,36
6,24,6.1,0,0,2,60,0,36
6,36,3.5,0,0,2,60,0,36
6,48,1.8,0,0,2,60,0,36
6,72,1.5,0,0,2,60,0,36
6,96,1,0,0,2,60,0,36
7,0,0,135,101,1,90,1,41
7,2,17.6,0,0,2,90,1,41
7,3,17.3,0,0,2,90,1,41
7,6,15,0,0,2,90,1,41
7,9,15,0,0,2,90,1,41
7,12,12.4,0,0,2,90,1,41
7,24,7.9,0,0,2,90,1,41
7,36,7.9,0,0,2,90,1,41
7,48,5.1,0,0,2,90,1,41
7,72,3.6,0,0,2,90,1,41
7,96,2.4,0,0,2,90,1,41
7,120,2,0,0,2,90,1,41
8,0,0,75,101,1,50,0,27
8,0.5,0.01,0,0,2,50,0,27
8,1,1,0,0,2,50,0,27
8,2,4.6,0,0,2,50,0,27
8,3,8,0,0,2,50,0,27
8,6,11.5,0,0,2,50,0,27
8,9,11.4,0,0,2,50,0,27
8,12,11,0,0,2,50,0,27
8,24,9.1,0,0,2,50,0,27
8,36,8.2,0,0,2,50,0,27
8,48,5.9,0,0,2,50,0,27
8,72,3.6,0,0,2,50,0,27
8,96,1.7,0,0,2,50,0,27
8,120,1.1,0,0,2,50,0,27
9,0,0,105,101,1,70,1,28
9,24,8.6,0,0,2,70,1,28
9,36,8,0,0,2,70,1,28
9,48,6,0,0,2,70,1,28
9,72,4.4,0,0,2,70,1,28
9,96,3.6,0,0,2,70,1,28
9,120,2.8,0,0,2,70,1,28
10,0,0,100,101,1,66.7,1,50
10,0.5,0.01,0,0,2,66.7,1,50
10,1,1.9,0,0,2,66.7,1,50
10,2,3.3,0,0,2,66.7,1,50
10,3,6.6,0,0,2,66.7,1,50
10,6,9.1,0,0,2,66.7,1,50
10,9,10.8,0,0,2,66.7,1,50
10,12,8.6,0,0,2,66.7,1,50
10,24,5.6,0,0,2,66.7,1,50
10,36,4,0,0,2,66.7,1,50
10,48,2.7,0,0,2,66.7,1,50
10,72,0.8,0,0,2,66.7,1,50
11,0,0,123,101,1,82,1,31
11,1.5,11.4,0,0,2,82,1,31
11,3,15.4,0,0,2,82,1,31
11,6,17.5,0,0,2,82,1,31
11,12,14,0,0,2,82,1,31
11,24,9,0,0,2,82,1,31
11,36,8.9,0,0,2,82,1,31
11,48,6.6,0,0,2,82,1,31
11,72,4.2,0,0,2,82,1,31
11,96,3.6,0,0,2,82,1,31
11,120,2.6,0,0,2,82,1,31
12,0,0,113,101,1,75.3,1,32
12,1.5,0.6,0,0,2,75.3,1,32
12,3,2.8,0,0,2,75.3,1,32
12,6,13.8,0,0,2,75.3,1,32
12,9,15,0,0,2,75.3,1,32
12,24,10.5,0,0,2,75.3,1,32
12,36,9.1,0,0,2,75.3,1,32
12,48,6.6,0,0,2,75.3,1,32
12,72,4.9,0,0,2,75.3,1,32
12,96,2.4,0,0,2,75.3,1,32
12,120,1.9,0,0,2,75.3,1,32
13,0,0,113,101,1,75.3,1,63
13,1.5,3.6,0,0,2,75.3,1,63
13,3,12.9,0,0,2,75.3,1,63
13,6,12.9,0,0,2,75.3,1,63
13,9,10.2,0,0,2,75.3,1,63
13,24,6.4,0,0,2,75.3,1,63
13,36,6.9,0,0,2,75.3,1,63
13,48,4.5,0,0,2,75.3,1,63
13,72,3.2,0,0,2,75.3,1,63
13,96,2.4,0,0,2,75.3,1,63
13,120,1.3,0,0,2,75.3,1,63
14,0,0,75,101,1,50,0,36
14,0.5,0.02,0,0,2,50,0,36
14,1,2.7,0,0,2,50,0,36
14,2,11.6,0,0,2,50,0,36
14,3,11.6,0,0,2,50,0,36
14,6,11.3,0,0,2,50,0,36
14,9,9.7,0,0,2,50,0,36
14,24,6.5,0,0,2,50,0,36
14,36,5.2,0,0,2,50,0,36
14,48,3.6,0,0,2,50,0,36
14,72,2.4,0,0,2,50,0,36
14,96,0.9,0,0,2,50,0,36
15,0,0,85,101,1,56.7,0,27
15,1,6.6,0,0,2,56.7,0,27
15,3,11.9,0,0,2,56.7,0,27
15,6,11.7,0,0,2,56.7,0,27
15,9,12.2,0,0,2,56.7,0,27
15,24,8.1,0,0,2,56.7,0,27
15,36,7.4,0,0,2,56.7,0,27
15,48,6.8,0,0,2,56.7,0,27
15,72,5.3,0,0,2,56.7,0,27
15,96,3,0,0,2,56.7,0,27
15,120,2,0,0,2,56.7,0,27
16,0,0,87,101,1,58,1,22
16,24,10.4,0,0,2,58,1,22
16,36,8.9,0,0,2,58,1,22
16,48,7,0,0,2,58,1,22
16,72,4.4,0,0,2,58,1,22
16,96,3.2,0,0,2,58,1,22
16,120,2.4,0,0,2,58,1,22
17,0,0,117,101,1,78,1,28
17,24,7.6,0,0,2,78,1,28
17,36,6.4,0,0,2,78,1,28
17,48,6,0,0,2,78,1,28
17,72,4,0,0,2,78,1,28
17,96,3.1,0,0,2,78,1,28
17,120,2,0,0,2,78,1,28
18,0,0,112,101,1,74.7,1,31
18,24,7.6,0,0,2,74.7,1,31
18,36,6.6,0,0,2,74.7,1,31
18,48,5.4,0,0,2,74.7,1,31
18,72,3.4,0,0,2,74.7,1,31
18,96,1.2,0,0,2,74.7,1,31
18,120,0.9,0,0,2,74.7,1,31
19,0,0,95.5,101,1,63.7,1,22
19,24,6.6,0,0,2,63.7,1,22
19,36,5.3,0,0,2,63.7,1,22
19,48,3.6,0,0,2,63.7,1,22
19,72,2.7,0,0,2,63.7,1,22
19,96,1.4,0,0,2,63.7,1,22
19,120,1.1,0,0,2,63.7,1,22
20,0,0,88.5,101,1,59,1,22
20,24,9.6,0,0,2,59,1,22
20,36,8,0,0,2,59,1,22
20,48,6.6,0,0,2,59,1,22
20,72,5.6,0,0,2,59,1,22
20,96,3.5,0,0,2,59,1,22
20,120,2.3,0,0,2,59,1,22
21,0,0,93,101,1,62,1,27
21,24,7.3,0,0,2,62,1,27
21,36,6.1,0,0,2,62,1,27
21,48,4.3,0,0,2,62,1,27
21,72,3.2,0,0,2,62,1,27
21,96,2.3,0,0,2,62,1,27
21,120,1.9,0,0,2,62,1,27
22,0,0,87,101,1,58,1,22
22,24,8.9,0,0,2,58,1,22
22,36,8.4,0,0,2,58,1,22
22,48,8,0,0,2,58,1,22
22,72,4.4,0,0,2,58,1,22
22,96,3.2,0,0,2,58,1,22
22,120,1.7,0,0,2,58,1,22
23,0,0,110,101,1,73.3,1,22
23,24,9.8,0,0,2,73.3,1,22
23,36,8.4,0,0,2,73.3,1,22
23,48,6.6,0,0,2,73.3,1,22
23,72,4.8,0,0,2,73.3,1,22
23,96,3.2,0,0,2,73.3,1,22
23,120,2.4,0,0,2,73.3,1,22
24,0,0,115,101,1,76.7,1,35
24,24,8.2,0,0,2,76.7,1,35
24,36,7.5,0,0,2,76.7,1,35
24,48,6.8,0,0,2,76.7,1,35
24,72,5.5,0,0,2,76.7,1,35
24,96,4.5,0,0,2,76.7,1,35
24,120,3.7,0,0,2,76.7,1,35
25,0,0,112,101,1,74.7,1,23
25,24,11,0,0,2,74.7,1,23
25,36,10,0,0,2,74.7,1,23
25,48,8.2,0,0,2,74.7,1,23
25,72,6,0,0,2,74.7,1,23
25,96,3.7,0,0,2,74.7,1,23
25,120,2.6,0,0,2,74.7,1,23
26,0,0,120,101,1,80,1,23
26,24,10,0,0,2,80,1,23
26,36,9,0,0,2,80,1,23
26,48,7.3,0,0,2,80,1,23
26,72,5.2,0,0,2,80,1,23
26,96,3.7,0,0,2,80,1,23
26,120,2.7,0,0,2,80,1,23
27,0,0,120,101,1,80,1,22
27,24,11.8,0,0,2,80,1,22
27,36,9.2,0,0,2,80,1,22
27,48,7.7,0,0,2,80,1,22
27,72,4.9,0,0,2,80,1,22
27,96,3.4,0,0,2,80,1,22
27,120,2.7,0,0,2,80,1,22
28,0,0,120,101,1,80,1,22
28,24,10.1,0,0,2,80,1,22
28,36,8,0,0,2,80,1,22
28,48,6,0,0,2,80,1,22
28,72,4.9,0,0,2,80,1,22
28,96,3.4,0,0,2,80,1,22
28,120,2,0,0,2,80,1,22
29,0,0,153,101,1,102,1,22
29,24,8.3,0,0,2,102,1,22
29,36,7,0,0,2,102,1,22
29,48,5.6,0,0,2,102,1,22
29,72,4.1,0,0,2,102,1,22
29,96,3.1,0,0,2,102,1,22
29,120,2.2,0,0,2,102,1,22
30,0,0,105,101,1,70,1,23
30,24,9.9,0,0,2,70,1,23
30,36,7.5,0,0,2,70,1,23
30,48,6.5,0,0,2,70,1,23
30,72,4.1,0,0,2,70,1,23
30,96,2.9,0,0,2,70,1,23
30,120,2.3,0,0,2,70,1,23
31,0,0,125,101,1,83.3,1,24
31,24,9.5,0,0,2,83.3,1,24
31,36,7.8,0,0,2,83.3,1,24
31,48,6.4,0,0,2,83.3,1,24
31,72,4.5,0,0,2,83.3,1,24
31,96,3.4,0,0,2,83.3,1,24
31,120,2.5,0,0,2,83.3,1,24
32,0,0,93,101,1,62,1,21
32,24,8.9,0,0,2,62,1,21
32,36,7.7,0,0,2,62,1,21
32,48,6.9,0,0,2,62,1,21
32,72,4.4,0,0,2,62,1,21
32,96,3.5,0,0,2,62,1,21
32,120,2.5,0,0,2,62,1,21
